{"accuracy": [0.5153995156288147, 0.5738922357559204, 0.633160412311554, 0.6557210087776184, 0.6697540283203125, 0.6794073581695557, 0.6883214712142944, 0.6964378952980042, 0.7037241458892822, 0.7108381986618042], "loss": [3.1898860931396484, 2.6037983894348145, 1.9852094650268555, 1.7342355251312256, 1.5985889434814453, 1.5023926496505737, 1.4238780736923218, 1.3566621541976929, 1.2963685989379883, 1.242085337638855]}